szerelo_id;nev;cim;telefon
1;Keller János;Pécs, Ceglédi utca 88.;(30) 834-47-72
2;Megyeri György;Tapolca, Virág utca 80.;(20) 716-19-54
3;Eszes Lehel;Székesfehérvár, Mikszáth utca 37.;(70) 599-12-77
4;Csikós László;Budapest, Mikszáth utca 39.;(20) 825-55-55
5;Verpeléti Bence;Pécs, Arany János utca 86.;(70) 611-94-92
6;Józsa Sándor;Fót, Kossuth utca 47.;(30) 394-33-50
7;Lukács Pál;Balatonfüred, Arany János utca 95.;(20) 302-85-17
8;Madarász Bálint;Pécs, Petőfi utca 30.;(20) 256-60-58
9;Szabó Mátyás;Székesfehérvár, Csillag utca 86.;(70) 115-20-98
10;Kalányos Lajos;Szeged, Kossuth utca 22.;(20) 696-11-95
