<?xml version="1.0"?>
<doc>
    <assembly>
        <name>OSZTV_1_gui</name>
    </assembly>
    <members>
        <member name="M:OSZTV_1_gui.Form1.Form1_Load(System.Object,System.EventArgs)">
            Form1_Load //A form 1 betöltésekkor megjelenít egy vezérlőt
            A form betöltésénél beállítja a betutipust és méretet az elhelyezkedést, a cimet. hatterszint,incilazialjuk a szinekbeolvasasa metodust 
            fajlHelye = new Button()//fajlhelye gomb beállításai
        </member>
        <member name="M:OSZTV_1_gui.Form1.FajlHelye_Click(System.Object,System.EventArgs)">
            FajlHelye_Click  //ez egy metodus ami beolvassa a txt-t
            if (ofd.ShowDialog() == DialogResult.OK) //Vizsgálat hogy a beolvasott txt megeggyezik az eredménnyel
            Ha igen a fajl helyet elrejtjuk,a fajl nevet beáálitjuk a megnyitott fajl nevere, meghivjuk a terkepcimzes metodust
             fajlHelye.Hide(); //fajlhelyenek elrejtése
            TerkepCimzese(); meghívása
            else goto kezdes; //különben kidobb a kezdésre
        </member>
        <member name="M:OSZTV_1_gui.Form1.szinezes_Click(System.Object,System.EventArgs,System.String[])">
            szinezes_Click//ez egy metodus ami a szinezes:Click eseménynél történik meg.Kicsereli a hatter szint es a betuszinet az utvonalnak
        </member>
        <member name="M:OSZTV_1_gui.Form1.szinekBeolvasasa">
            szinekBeolvasasa()//Ez a függvény szövegfájlból olvassa be a színeket és tárolja azokat egy tömbben.
            színeket olvassa be fájlból
            színeket átkonvertálja spaceel tördeli
            háttér beállítása rgb szerint
            színek átkonvertálása
            cimke hatter beallitasa
            cimkeszin atkonvertalasa
            szintem maradt szin beallitasa
            színek átkonvertálása
            lefele szin beallitasa
            színek átkonvertálása
             felfele szin beallitasa
        </member>
        <member name="M:OSZTV_1_gui.Form1.Reszponzivitas(System.String[],System.Single@,System.Int32@,System.Int32@,System.Int32@)">
             Reszponzivitas() Ez a függvény állítja be az űrlap méretét és a címkék betűméretét a tartalom alapján.
        </member>
        <member name="M:OSZTV_1_gui.Form1.TerkepCimzese">
            TerkepCimzese() //Ez a függvény inicializálja a térképet, létrehozva címkéket az űrlapon a szövegfájl tartalma alapján.
        </member>
        <member name="M:OSZTV_1_gui.Form1.UtvonalSzinezes(System.String[])">
            Ez a függvény színezi az útvonalat a térképen az adott útvonal alapján.
        </member>
        <member name="F:OSZTV_1_gui.Form1.components">
            <summary>
             Required designer variable.
            </summary>
        </member>
        <member name="M:OSZTV_1_gui.Form1.Dispose(System.Boolean)">
            <summary>
             Clean up any resources being used.
            </summary>
            <param name="disposing">true if managed resources should be disposed; otherwise, false.</param>
        </member>
        <member name="M:OSZTV_1_gui.Form1.InitializeComponent">
            <summary>
             Required method for Designer support - do not modify
             the contents of this method with the code editor.
            </summary>
        </member>
        <member name="M:OSZTV_1_gui.Program.Main">
            <summary>
             The main entry point for the application.
            </summary>
        </member>
    </members>
</doc>
